time_hours,LTC 1 (x=8.0m)_elevation_m,LTC 2 (x=10.0m)_elevation_m,LTC 3 (x=12.5m)_elevation_m,LTC 1 (x=8.0m)_depth_m,LTC 2 (x=10.0m)_depth_m,LTC 3 (x=12.5m)_depth_m
0.0,1.2,1.2,1.2,3.8,3.8,3.8
1.0,1.199211904626434,1.1986618490248486,1.19963996584876,3.8007880953735658,3.8013381509751514,3.80036003415124
2.0,1.199641928020302,1.1993510313113631,1.199817263388059,3.800358071979698,3.8006489686886367,3.8001827366119407
3.0,1.199744172635619,1.1995434909462324,1.1998550608556224,3.800255827364381,3.8004565090537676,3.800144939144378
4.0,1.1997932936466877,1.1996436345370902,1.1998729431434771,3.800206706353312,3.8003563654629096,3.800127056856523
5.0,1.1998245528541909,1.1997087115559084,1.1998850065459314,3.800175447145809,3.8002912884440914,3.8001149934540686
6.0,1.199847170144012,1.1997553265912404,1.1998944959510622,3.800152829855988,3.8002446734087596,3.800105504048938
7.0,1.1998646393490668,1.1997904527204133,1.1999024907131535,3.800135360650933,3.8002095472795867,3.8000975092868465
8.0,1.1998785568922135,1.19981775560127,1.1999093292482084,3.8001214431077868,3.80018224439873,3.800090670751792
9.0,1.1998899503425293,1.1998394267007422,1.1999153147403157,3.8001100496574707,3.800160573299258,3.8000846852596846
10.0,1.1998994143202697,1.1998569199972637,1.199920574851205,3.80010058567973,3.8001430800027363,3.800079425148795
11.0,1.1999073728388439,1.1998712454281901,1.1999252160272187,3.800092627161156,3.80012875457181,3.8000747839727813
12.0,1.1999141371225308,1.1998831259987666,1.1999293278455199,3.800085862877469,3.800116874001233,3.8000706721544804
13.0,1.1999198539494365,1.199893055446788,1.1999328639436349,3.8000801460505635,3.800106944553212,3.800067136056365
14.0,1.1999248375594056,1.1999014638675936,1.1999360894037583,3.8000751624405944,3.8000985361324062,3.8000639105962417
15.0,1.1999291934667242,1.1999086598392608,1.199938997944325,3.8000708065332756,3.8000913401607392,3.800061002055675
16.0,1.1999330276265217,1.1999148735971221,1.1999416278927963,3.8000669723734783,3.8000851264028777,3.8000583721072037
17.0,1.1999364261385297,1.1999202843170864,1.1999440155577623,3.80006357386147,3.8000797156829136,3.8000559844422375
18.0,1.1999394532973189,1.1999250488106057,1.1999461856117526,3.800060546702681,3.8000749511893943,3.8000538143882476
19.0,1.1999421597908362,1.1999292243923085,1.1999481634932962,3.800057840209164,3.8000707756076917,3.8000518365067038
20.0,1.19994460431314,1.1999329369616445,1.1999499839128482,3.8000553956868597,3.8000670630383553,3.8000500160871518
21.0,1.1999468258257995,1.1999362607883035,1.1999516672950887,3.8000531741742005,3.8000637392116965,3.800048332704911
22.0,1.1999488554571518,1.199939253836931,1.1999532303508498,3.800051144542848,3.8000607461630693,3.8000467696491502
23.0,1.1999507188854532,1.1999419631652721,1.19995468731484,3.8000492811145468,3.800058036834728,3.8000453126851603
24.0,1.199952437506832,1.1999444275457334,1.1999560503433377,3.8000475624931678,3.8000555724542666,3.8000439496566623
25.0,1.1999540292608075,1.1999466791921578,1.1999573298311534,3.8000459707391925,3.800053320807842,3.8000426701688466
26.0,1.1999555092647949,1.1999487450493527,1.1999585346793054,3.800044490735205,3.800051254950647,3.8000414653206946
27.0,1.1999568903174018,1.1999506477920767,1.19995967252337,3.800043109682598,3.8000493522079233,3.80004032747663
28.0,1.1999581833029376,1.1999524066110725,1.1999607499281169,3.800041816697062,3.8000475933889275,3.800039250071883
29.0,1.1999593975192742,1.1999540378377471,1.199961772553058,3.800040602480726,3.800045962162253,3.800038227446942
30.0,1.1999605409453977,1.199955555444529,1.199962745293269,3.8000394590546023,3.8000444445554713,3.800037254706731
31.0,1.1999616204609493,1.1999569714483183,1.1999636723991918,3.8000383795390507,3.8000430285516815,3.8000363276008082
32.0,1.199962642027086,1.199958296237552,1.199964557578451,3.800037357972914,3.800041703762448,3.800035442421549
33.0,1.1999636108357716,1.1999595388384128,1.1999654040821122,3.8000363891642284,3.8000404611615872,3.8000345959178876
34.0,1.1999645314330256,1.199960707132122,1.1999662147773413,3.8000354685669744,3.800039292867878,3.8000337852226584
35.0,1.199965407820525,1.1999618080326597,1.199966992208145,3.800034592179475,3.8000381919673405,3.800033007791855
36.0,1.199966017818254,1.1999625741554498,1.1999675323370866,3.8000339821817457,3.8000374258445504,3.8000324676629136
37.0,1.1999669236532993,1.1999636983062862,1.1999683442419888,3.8000330763467005,3.800036301693714,3.800031655758011
38.0,1.199967497628298,1.1999644050433667,1.199968859481473,3.8000325023717023,3.8000355949566336,3.800031140518527
39.0,1.1999681642969373,1.1999652235409597,1.1999694610784766,3.800031835703063,3.8000347764590403,3.8000305389215234
40.0,1.1999688176203145,1.1999660178976093,1.199970053928374,3.8000311823796853,3.8000339821023905,3.800029946071626
41.0,1.1999694492954323,1.199966779100497,1.199970630303204,3.8000305507045677,3.800033220899503,3.800029369696796
42.0,1.1999700595728762,1.1999675085284571,1.1999711899558172,3.800029940427124,3.800032491471543,3.800028810044183
43.0,1.1999706491669884,1.1999682078863163,1.1999717331652375,3.800029350833012,3.8000317921136837,3.8000282668347625
44.0,1.1999712190590741,1.1999688790669594,1.199972260490152,3.800028780940926,3.8000311209330406,3.800027739509848
45.0,1.1999717702451906,1.1999695238792583,1.1999727725425562,3.800028229754809,3.8000304761207415,3.800027227457444
46.0,1.1999723036920658,1.1999701440182584,1.1999732699426628,3.800027696307934,3.800029855981742,3.800026730057337
47.0,1.1999728203189484,1.199970741056426,1.1999737532987402,3.8000271796810514,3.800029258943574,3.8000262467012598
48.0,1.1999733209925751,1.1999713164471817,1.1999742231990986,3.800026679007425,3.800028683552818,3.8000257768009016
49.0,1.1999738065266574,1.1999718715314196,1.1999746802084457,3.8000261934733426,3.8000281284685804,3.8000253197915543
50.0,1.1999742776832871,1.199972407545134,1.1999751248663721,3.800025722316713,3.800027592454866,3.800024875133628
51.0,1.1999747351752719,1.1999729256272123,1.1999755576869104,3.800025264824728,3.800027074372788,3.80002444231309
52.0,1.1999751796688178,1.1999734268270446,1.199975979158723,3.800024820331182,3.8000265731729552,3.8000240208412768
53.0,1.1999756117863474,1.1999739121117443,1.1999763897456246,3.800024388213653,3.8000260878882557,3.8000236102543754
54.0,1.1999760321092718,1.1999743823729045,1.1999767898873088,3.800023967890728,3.8000256176270955,3.800023210112691
55.0,1.1999764411806702,1.1999748384328466,1.1999771800001766,3.80002355881933,3.800025161567153,3.8000228199998234
56.0,1.1999766567987014,1.1999750779417915,1.1999773846958206,3.800023343201299,3.8000249220582085,3.8000226153041794
57.0,1.1999771257486616,1.1999755999188821,1.1999778333930853,3.8000228742513382,3.800024400081118,3.8000221666069147
58.0,1.199977339524171,1.1999758362196404,1.199978037019273,3.800022660475829,3.8000241637803596,3.8000219629807273
59.0,1.1999777943448213,1.1999763397194003,1.1999784733378323,3.8000222056551785,3.8000236602805995,3.8000215266621677
60.0,1.1999780009730154,1.1999765669811076,1.199978670710477,3.800021999026985,3.8000234330188922,3.800021329289523
61.0,1.1999784387389936,1.1999770491578274,1.1999790916099575,3.8000215612610067,3.8000229508421723,3.8000209083900423
62.0,1.1999786376849533,1.199977266982372,1.1999792820907813,3.8000213623150465,3.800022733017628,3.8000207179092187
63.0,1.1999788601061205,1.1999775110459738,1.199979495714515,3.8000211398938797,3.800022488954026,3.8000205042854853
64.0,1.199979302214384,1.1999779954568424,1.1999799217641085,3.800020697785616,3.8000220045431576,3.8000200782358915
65.0,1.1999794939277393,1.199978204262085,1.1999801058572177,3.8000205060722605,3.8000217957379148,3.8000198941427823
66.0,1.1999797066655415,1.199978436381292,1.1999803107050089,3.8000202933344585,3.8000215636187082,3.800019689294991
67.0,1.199979927134788,1.199978676792562,1.1999805231221494,3.800020072865212,3.800021323207438,3.800019476877851
68.0,1.1999801502421672,1.199978919839002,1.1999807381951193,3.800019849757833,3.800021080160998,3.8000192618048807
69.0,1.1999803731645058,1.1999791624007698,1.1999809532048145,3.8000196268354944,3.80002083759923,3.8000190467951853
70.0,1.199980594755194,1.1999794032198796,1.1999811670432707,3.800019405244806,3.8000205967801204,3.800018832956729
71.0,1.1999808144275974,1.1999796416627064,1.1999813791391905,3.8000191855724026,3.8000203583372936,3.8000186208608095
72.0,1.199981031840726,1.1999798773702224,1.1999815891564933,3.800018968159274,3.8000201226297774,3.8000184108435064
73.0,1.1999812467722633,1.1999801101160623,1.1999817968728648,3.8000187532277367,3.800019889883938,3.8000182031271352
74.0,1.1999814590704474,1.199980339752261,1.1999820021338725,3.8000185409295524,3.800019660247739,3.8000179978661275
75.0,1.199981668630603,1.199980566182625,1.1999822048306275,3.800018331369397,3.8000194338173747,3.8000177951693725
76.0,1.1999818753821458,1.1999807893479488,1.199982404887423,3.8000181246178544,3.800019210652051,3.800017595112577
77.0,1.1999820792803333,1.1999810092166507,1.1999826022538798,3.8000179207196667,3.8000189907833493,3.80001739774612
78.0,1.199982280300598,1.1999812257783744,1.19998279689953,3.800017719699402,3.8000187742216256,3.80001720310047
79.0,1.1999824784344284,1.1999814390393757,1.1999829888098716,3.8000175215655716,3.8000185609606243,3.8000170111901284
80.0,1.199982673686261,1.199981649019073,1.1999831779833703,3.800017326313739,3.800018350980927,3.8000168220166297
81.0,1.1999828660710572,1.1999818557473854,1.199983364429113,3.800017133928943,3.800018144252615,3.800016635570887
82.0,1.1999830556123636,1.1999820592626276,1.1999835481649206,3.8000169443876364,3.8000179407373724,3.8000164518350794
83.0,1.1999832423407262,1.1999822596098042,1.1999837292157924,3.800016757659274,3.800017740390196,3.800016270784208
84.0,1.199983426292366,1.1999824568392072,1.199983907612605,3.8000165737076337,3.8000175431607928,3.800016092387395
85.0,1.1999836075080625,1.1999826510052418,1.1999840833910058,3.8000163924919375,3.800017348994758,3.800015916608994
86.0,1.199983786032198,1.1999828421654353,1.1999842565904644,3.800016213967802,3.8000171578345645,3.800015743409536
87.0,1.1999839619119377,1.1999830303795973,1.1999844272534546,3.8000160380880623,3.800016969620403,3.8000155727465454
88.0,1.1999841351965266,1.1999832157091035,1.1999845954247494,3.8000158648034734,3.8000167842908965,3.8000154045752508
89.0,1.1999843059366824,1.1999833982162866,1.1999847611508105,3.8000156940633176,3.8000166017837134,3.8000152388491895
90.0,1.1999844741840775,1.1999835779639225,1.199984924479264,3.8000155258159225,3.8000164220360775,3.800015075520736
91.0,1.1999846399908953,1.1999837550147936,1.1999850854584522,3.8000153600091044,3.8000162449852066,3.800014914541548
92.0,1.1999848034094573,1.199983929431328,1.1999852441370513,3.8000151965905427,3.800016070568672,3.8000147558629487
93.0,1.199984964491907,1.1999841012752976,1.19998540056375,3.800015035508093,3.8000158987247024,3.80001459943625
94.0,1.1999851232899492,1.199984270607574,1.1999855547869782,3.800014876710051,3.8000157293924257,3.800014445213022
95.0,1.199985279854635,1.1999844374879305,1.1999857068546864,3.8000147201453647,3.8000155625120695,3.8000142931453134
96.0,1.1999854342361889,1.1999846019748854,1.199985856814162,3.800014565763811,3.8000153980251143,3.8000141431858383
97.0,1.1999854860745047,1.1999846571206392,1.199985907008264,3.800014513925495,3.8000153428793606,3.800014092991736
98.0,1.1999856530492852,1.1999848350740365,1.1999860692931914,3.800014346950715,3.8000151649259637,3.8000139307068084
99.0,1.1999858083912254,1.1999850004940724,1.199986220199967,3.8000141916087746,3.800014999505928,3.8000137798000333
100.0,1.199985859527839,1.1999850548608715,1.19998626971849,3.800014140472161,3.8000149451391287,3.80001373028151
101.0,1.1999860248857244,1.1999852309826335,1.1999864304501047,3.8000139751142754,3.8000147690173662,3.800013569549895
102.0,1.1999860756476597,1.1999852849392254,1.1999864796079691,3.8000139243523403,3.8000147150607746,3.8000135203920307
103.0,1.199986242014005,1.1999854620949988,1.1999866413283131,3.8000137579859947,3.8000145379050014,3.800013358671687
104.0,1.1999862923793587,1.199985515613963,1.199986690103136,3.800013707620641,3.800014484386037,3.800013309896864
105.0,1.1999864580532646,1.1999856919784995,1.1999868511589897,3.8000135419467354,3.8000143080215008,3.8000131488410105
106.0,1.1999865078569143,1.199985744882719,1.1999868993922331,3.8000134921430857,3.800014255117281,3.800013100607767
107.0,1.1999865598143453,1.1999858001446493,1.1999869498027276,3.800013440185655,3.800014199855351,3.8000130501972724
108.0,1.199986732548957,1.199985984024024,1.1999871177436567,3.800013267451043,3.800014015975976,3.8000128822563433
109.0,1.1999867820782306,1.199986036619292,1.1999871657048842,3.8000132179217694,3.800013963380708,3.800012834295116
110.0,1.199986833596071,1.1999860914001224,1.1999872156918434,3.8000131664039287,3.800013908599878,3.800012784308157
111.0,1.1999868858594518,1.199986146999986,1.1999872664152191,3.8000131141405484,3.800013853000014,3.800012733584781
112.0,1.1999870649055122,1.1999863375852007,1.1999874404973283,3.800012935094488,3.8000136624147993,3.8000125595026715
113.0,1.199987114094586,1.199986389799925,1.19998748812352,3.800012885905414,3.800013610200075,3.80001251187648
114.0,1.199987165095087,1.199986444014511,1.199987537610833,3.800012834904913,3.800013555985489,3.8000124623891667
115.0,1.1999872167026329,1.1999864988993805,1.1999875877007602,3.800012783297367,3.8000135011006195,3.80001241229924
116.0,1.1999872684953103,1.1999865539978787,1.1999876379750298,3.8000127315046894,3.8000134460021213,3.80001236202497
117.0,1.199987451827334,1.1999867491022753,1.1999878162253,3.800012548172666,3.8000132508977247,3.8000121837747
118.0,1.1999875003838936,1.1999868006207994,1.1999878632347816,3.8000124996161064,3.8000131993792006,3.8000121367652184
119.0,1.199987550603821,1.1999868539833412,1.1999879119672046,3.800012449396179,3.800013146016659,3.8000120880327954
120.0,1.1999876013130757,1.1999869078896348,1.199987961188443,3.800012398686924,3.8000130921103654,3.8000120388115572
121.0,1.1999876521164043,1.1999869619112349,1.199988010505959,3.8000123478835954,3.800013038088765,3.800011989494041
122.0,1.1999877029211135,1.1999870159443502,1.1999880598248212,3.8000122970788865,3.80001298405565,3.800011940175179
123.0,1.199987753710479,1.1999870699684143,1.1999881091275142,3.800012246289521,3.8000129300315857,3.8000118908724856
124.0,1.199987804483081,1.1999871239800521,1.1999881584123344,3.800012195516919,3.800012876019948,3.800011841587666
125.0,1.1999878552369363,1.199987177975782,1.1999882076773818,3.8000121447630635,3.800012822024218,3.800011792322618
126.0,1.1999879059669554,1.199987231949102,1.1999882569178526,3.8000120940330446,3.800012768050898,3.8000117430821474
127.0,1.1999879566655929,1.1999872858910856,1.199988306126593,3.800012043334407,3.8000127141089144,3.800011693873407
128.0,1.1999880073239602,1.1999873397915088,1.1999883552951474,3.8000119926760396,3.800012660208491,3.8000116447048526
129.0,1.199988057932715,1.199987393639769,1.1999884044146103,3.800011942067285,3.800012606360231,3.8000115955853895
130.0,1.1999881084826498,1.1999874474254888,1.1999884534761927,3.80001189151735,3.800012552574511,3.800011546523807
131.0,1.1999881589650363,1.1999875011388685,1.1999885024715542,3.800011841034964,3.8000124988611317,3.8000114975284456
132.0,1.1999882093717995,1.1999875547708634,1.199988551392974,3.8000117906282007,3.800012445229137,3.8000114486070258
133.0,1.1999882596955878,1.1999876083132464,1.1999886002334186,3.800011740304412,3.800012391686754,3.800011399766581
134.0,1.1999883099297746,1.199987661758605,1.199988648986545,3.8000116900702254,3.800012338241395,3.800011351013455
135.0,1.1999883600684254,1.1999877151003002,1.1999886976466712,3.800011639931575,3.8000122848997,3.8000113023533286
136.0,1.1999884101062448,1.1999877683324043,1.199988746208725,3.800011589893755,3.800012231667596,3.8000112537912747
137.0,1.1999884600385162,1.1999878214496342,1.1999887946681882,3.800011539961484,3.8000121785503658,3.8000112053318116
138.0,1.1999885098610394,1.1999878744472803,1.199988843021036,3.8000114901389606,3.80001212555272,3.800011156978964
139.0,1.1999885595700717,1.199987927321142,1.1999888912636814,3.8000114404299286,3.800012072678858,3.8000111087363186
140.0,1.1999886091622722,1.1999879800674662,1.1999889393929228,3.800011390837728,3.8000120199325336,3.800011060607077
141.0,1.199988658634652,1.1999880326828922,1.1999889874058955,3.800011341365348,3.8000119673171078,3.8000110125941045
142.0,1.1999887079845302,1.1999880851644031,1.1999890353000293,3.80001129201547,3.800011914835597,3.800010964699971
143.0,1.1999887572094934,1.1999881375092827,1.1999890830730113,3.8000112427905064,3.8000118624907175,3.800010916926989
144.0,1.1999888925331899,1.1999882806120188,1.1999891926404014,3.80001110746681,3.800011719387981,3.8000108073595986
145.0,1.1999892209141323,1.1999886170644303,1.1999893220610163,3.8000107790858677,3.80001138293557,3.8000106779389835
146.0,1.1999902868320365,1.1999897114566003,1.1999895639575764,3.8000097131679635,3.8000102885433997,3.800010436042424
147.0,1.1999932914078923,1.199992842519528,1.1999901756935685,3.8000067085921074,3.800007157480472,3.8000098243064313
148.0,1.2000003352195685,1.2000002878017753,1.1999917045142687,3.7999996647804313,3.7999997121982245,3.800008295485731
149.0,1.2000145158779887,1.2000152476979968,1.1999951087573297,3.7999854841220113,3.799984752302003,3.8000048912426703
150.0,1.2000736379991699,1.2000720930720012,1.2000138003851275,3.7999263620008303,3.7999279069279988,3.7999861996148727
151.0,1.2001574031317117,1.2001517721152626,1.2000439133903322,3.799842596868288,3.7998482278847376,3.7999560866096678
152.0,1.2002770243148353,1.2002670110953308,1.2000902942574931,3.7997229756851647,3.799732988904669,3.7999097057425066
153.0,1.2004491574126595,1.2004320318792099,1.200162813231734,3.7995508425873403,3.7995679681207903,3.799837186768266
154.0,1.2006702710509651,1.2006480438600389,1.2002603576439774,3.7993297289490346,3.799351956139961,3.7997396423560224
155.0,1.2009524469132467,1.2009265345415303,1.2003897453382872,3.799047553086753,3.79907346545847,3.7996102546617125
156.0,1.2013048042371648,1.201276628631763,1.2005568543049732,3.798695195762835,3.798723371368237,3.799443145695027
157.0,1.201735378418292,1.2017059228333693,1.2007672892164367,3.798264621581708,3.7982940771666307,3.7992327107835635
158.0,1.2022507721335984,1.2022199838517307,1.201026191668281,3.797749227866402,3.7977800161482693,3.798973808331719
159.0,1.20285603867511,1.2028227428301552,1.2013379963300703,3.79714396132489,3.797177257169845,3.7986620036699295
160.0,1.203554839329871,1.203517097530663,1.201706433543624,3.796445160670129,3.7964829024693367,3.798293566456376
161.0,1.2043495585567894,1.204305026785162,1.202134585419424,3.7956504414432106,3.7956949732148377,3.797865414580576
162.0,1.2052399841852228,1.2051827047087826,1.2026279968573081,3.794760015814777,3.7948172952912174,3.7973720031426916
163.0,1.20622838688395,1.206159184449752,1.2031845712709224,3.79377161311605,3.793840815550248,3.7968154287290776
164.0,1.2073133468388044,1.2072323651028871,1.2038067079658132,3.7926866531611956,3.792767634897113,3.7961932920341868
165.0,1.2084933156727489,1.208403119448671,1.2044959453369717,3.791506684327251,3.791596880551329,3.795504054663028
166.0,1.2097686776732728,1.209670737337174,1.2052601698467302,3.7902313223267274,3.790329262662826,3.7947398301532695
167.0,1.2111360645874656,1.21104213655076,1.2060914212649712,3.788863935412534,3.78895786344924,3.793908578735029
168.0,1.2125969093842321,1.2125193000961387,1.2069940235468597,3.7874030906157676,3.7874806999038615,3.7930059764531405
169.0,1.2141541390796382,1.214121593260615,1.207956988766068,3.785845860920362,3.7858784067393847,3.792043011233932
170.0,1.2158064634433738,1.2158214273884302,1.2090025759335086,3.784193536556626,3.7841785726115695,3.790997424066491
171.0,1.2175476263310605,1.2176142305681747,1.2101300115489488,3.7824523736689395,3.7823857694318255,3.789869988451051
172.0,1.2193742083989165,1.2194949204469083,1.2113309124371752,3.7806257916010835,3.780505079553092,3.788669087562825
173.0,1.2212752570783674,1.2214667297058792,1.2126036603556127,3.7787247429216326,3.778533270294121,3.7873963396443875
174.0,1.223249895094793,1.2235269803182083,1.213954574008114,3.776750104905207,3.7764730196817915,3.786045425991886
175.0,1.2252854003567097,1.2256764475957376,1.2153686415645488,3.77471459964329,3.7743235524042626,3.784631358435451
176.0,1.2273722276442287,1.2278997959169415,1.2168464600930036,3.7726277723557713,3.7721002040830585,3.7831535399069964
177.0,1.2295003007762475,1.2301766839442467,1.2183808630378752,3.7704996992237527,3.7698233160557533,3.781619136962125
178.0,1.2316563722085734,1.2324841628656213,1.2199614019273,3.7683436277914266,3.7675158371343787,3.7800385980727
179.0,1.2338238833795114,1.2347995271075924,1.2215802115254522,3.7661761166204886,3.7652004728924076,3.778419788474548
180.0,1.235984264277426,1.2370991605748294,1.223223279007803,3.764015735722574,3.7629008394251704,3.776776720992197
181.0,1.2381188282303826,1.2393611563737965,1.2248802899945896,3.7618811717696174,3.7606388436262037,3.77511971000541
182.0,1.240209794306314,1.2415651970676063,1.2265356545044368,3.759790205693686,3.7584348029323937,3.7734643454955634
183.0,1.2422413301141362,1.2436943748447886,1.2281796572427324,3.757758669885864,3.7563056251552114,3.771820342757268
184.0,1.2441997732702095,1.2457345438029066,1.2297980310212941,3.7558002267297903,3.7542654561970936,3.770201968978706
185.0,1.2460740261764316,1.2476751659466854,1.2313830827349737,3.753925973823568,3.7523248340533146,3.7686169172650263
186.0,1.2478553734968776,1.2495081404749677,1.2329236270094344,3.7521446265031226,3.7504918595250323,3.767076372990566
187.0,1.249574741647033,1.251316257092516,1.2344235849648075,3.750425258352967,3.7486837429074837,3.7655764150351922
188.0,1.2512604868771777,1.2530591802891047,1.2358803017116358,3.748739513122822,3.746940819710895,3.764119698288364
189.0,1.2528631327436814,1.2546314386403647,1.2372799653254964,3.7471368672563186,3.7453685613596353,3.7627200346745036
190.0,1.2543010516946747,1.2560644507419583,1.2386182851962262,3.7456989483053253,3.7439355492580417,3.7613817148037736
191.0,1.2556234471540273,1.25736968060615,1.2398924319115585,3.7443765528459725,3.74263031939385,3.7601075680884417
192.0,1.2568203715690558,1.2585499640908206,1.2410985864182893,3.743179628430944,3.741450035909179,3.758901413581711
193.0,1.2578954915150442,1.2596039966775388,1.2422275834027199,3.742104508484956,3.740396003322461,3.7577724165972803
194.0,1.258860686014799,1.260546813722827,1.2432873392857327,3.741139313985201,3.739453186277173,3.7567126607142676
195.0,1.2597203020529817,1.2613796507902217,1.24426972866101,3.7402796979470185,3.7386203492097785,3.75573027133899
196.0,1.260480191793985,1.2621150319365377,1.2451856282230138,3.739519808206015,3.7378849680634625,3.754814371776986
197.0,1.2611447987637476,1.2627543142496318,1.2460262960319097,3.7388552012362526,3.737245685750368,3.7539737039680903
198.0,1.2617189319076563,1.2633070432355642,1.2468061041434453,3.738281068092344,3.736692956764436,3.7531938958565547
199.0,1.262209555410939,1.2637776847398523,1.2475135499197776,3.737790444589061,3.7362223152601475,3.752486450080222
200.0,1.2626210398791164,1.2641724005447181,1.2481556086661136,3.7373789601208838,3.735827599455282,3.7518443913338864
201.0,1.2629593576188627,1.2644989220246827,1.2487477198193484,3.737040642381137,3.735501077975317,3.7512522801806516
202.0,1.263229502804328,1.2647607787062802,1.2492737869380863,3.736770497195672,3.7352392212937198,3.7507262130619137
203.0,1.2634369292733836,1.2649630819449205,1.2497436866439793,3.7365630707266164,3.7350369180550795,3.7502563133560205
204.0,1.2635857592602486,1.2651104583668367,1.2501613927633928,3.7364142407397516,3.734889541633163,3.7498386072366072
205.0,1.2636782890936265,1.2652064681021342,1.2505387985215748,3.7363217109063735,3.734793531897866,3.749461201478425
206.0,1.26372248165915,1.265256765192915,1.2508616520910596,3.73627751834085,3.734743234807085,3.74913834790894
207.0,1.2637215980061363,1.2652650364941447,1.2511401758469924,3.7362784019938635,3.734734963505855,3.7488598241530076
208.0,1.2636793813499887,1.2652348812047765,1.2513777524597494,3.7363206186500113,3.7347651187952238,3.7486222475402506
209.0,1.2635993860024168,1.2651696486742334,1.2515771187323894,3.736400613997583,3.7348303513257664,3.7484228812676106
210.0,1.2634847464233026,1.2650723348252888,1.2517408847565874,3.7365152535766972,3.734927665174711,3.7482591152434126
211.0,1.2633380948825161,1.2649454650714667,1.2518713610227368,3.736661905117484,3.7350545349285333,3.7481286389772634
212.0,1.2631617089724194,1.2647912219602393,1.2519729053639097,3.7368382910275804,3.7352087780397607,3.7480270946360905
213.0,1.2629577602369633,1.2646110256807521,1.2520425008829155,3.7370422397630367,3.735388974319248,3.7479574991170845
214.0,1.2627282587325672,1.264406233248719,1.2520832613729405,3.737271741267433,3.735593766751281,3.7479167386270595
215.0,1.2624756178529215,1.2641783052148803,1.2520968501601928,3.7375243821470785,3.7358216947851197,3.747903149839807
216.0,1.2622081069442634,1.2639281017936286,1.252089994708419,3.7377918930557366,3.7360718982063714,3.747910005291581
217.0,1.2619164328960708,1.2636604067351072,1.2520573825427088,3.738083567103929,3.736339593264893,3.747942617457291
218.0,1.2616066827959178,1.263374919630254,1.2520017992232857,3.738393317204082,3.736625080369746,3.7479982007767143
219.0,1.2612802117784823,1.263075551450109,1.2519223491305562,3.738719788221518,3.7369244485498907,3.748077650869444
220.0,1.2609426899884313,1.262763221579587,1.2518247698494618,3.7390573100115687,3.737236778420413,3.7481752301505384
221.0,1.260598113542968,1.262443616783134,1.251710936689365,3.739401886457032,3.737556383216866,3.7482890633106347
222.0,1.2602523416785834,1.2621221776152505,1.251583709914857,3.7397476583214164,3.7378778223847497,3.748416290085143
223.0,1.2599098624387222,1.2618040663780876,1.2514461429901524,3.740090137561278,3.7381959336219124,3.7485538570098473
224.0,1.259576237114453,1.2614948920766635,1.2513040596130596,3.740423762885547,3.7385051079233365,3.7486959403869404
225.0,1.2592568536182904,1.2611990263516555,1.251158285078388,3.7407431463817096,3.7388009736483445,3.7488417149216122
226.0,1.2589563976204692,1.2609232928442604,1.2510118585002856,3.7410436023795306,3.7390767071557396,3.7489881414997144
227.0,1.2586802490431115,1.260670894659205,1.2508687419981854,3.7413197509568885,3.7393291053407953,3.749131258001815
228.0,1.2584311058615183,1.260444952281779,1.2507319792600777,3.7415688941384815,3.7395550477182207,3.7492680207399225
229.0,1.2582118915684861,1.2602480107721008,1.2506044865478956,3.741788108431514,3.739751989227899,3.7493955134521046
230.0,1.2580249303439746,1.2600821053593252,1.2504887597211445,3.7419750696560254,3.7399178946406746,3.7495112402788555
231.0,1.257871955999219,1.2599487624399617,1.2503869596692028,3.742128044000781,3.7400512375600385,3.7496130403307975
232.0,1.2577542391558523,1.259849162796546,1.250300965614306,3.7422457608441477,3.740150837203454,3.749699034385694
233.0,1.2576726994926601,1.2597842496762715,1.2502325095250337,3.74232730050734,3.7402157503237285,3.7497674904749663
234.0,1.2576278921739952,1.2597547108338418,1.2501834146859057,3.7423721078260046,3.7402452891661584,3.749816585314094
235.0,1.2576179878905116,1.259760710506015,1.2501554119316451,3.7423820121094886,3.740239289493985,3.749844588068355
236.0,1.2576406031491771,1.259796829045333,1.250142621827734,3.742359396850823,3.740203170954667,3.749857378172266
237.0,1.257699951508344,1.2598689807544405,1.2501507436588322,3.742300048491656,3.7401310192455597,3.749849256341168
238.0,1.2577960672455315,1.2599754594116344,1.2501820644877009,3.7422039327544683,3.7400245405883656,3.749817935512299
239.0,1.2579256346960868,1.2601160362471675,1.2502345206350058,3.742074365303913,3.7398839637528325,3.749765479364994
240.0,1.25808678011333,1.2602901259633998,1.250306685317676,3.74191321988667,3.7397098740366,3.749693314682324
241.0,1.258280912598641,1.260494424166937,1.2504015904198134,3.741719087401359,3.7395055758330633,3.7495984095801864
242.0,1.2585049504613715,1.2607284881093077,1.250517754163275,3.7414950495386288,3.739271511890692,3.7494822458367247
243.0,1.2587570199821503,1.2609903006947647,1.2506547228945066,3.7412429800178497,3.7390096993052353,3.749345277105493
244.0,1.2590342526677343,1.261277061810698,1.2508115435819611,3.7409657473322655,3.738722938189302,3.7491884564180387
245.0,1.2593337539639031,1.261585301160966,1.2509869915906773,3.740666246036097,3.7384146988390343,3.7490130084093227
246.0,1.25965014998518,1.2619099698195946,1.251178846705463,3.74034985001482,3.7380900301804054,3.748821153294537
247.0,1.2599782660510215,1.2622455967983943,1.251384724682479,3.7400217339489785,3.7377544032016057,3.748615275317521
248.0,1.2603125873633314,1.2625863984621426,1.251601746203823,3.739687412636669,3.7374136015378574,3.748398253796177
249.0,1.2606476108487483,1.2629267107950048,1.2518286843458653,3.739352389151252,3.737073289204995,3.748171315654135
250.0,1.2609779369230356,1.2632610509126143,1.2520613181363651,3.7390220630769644,3.7367389490873855,3.747938681863635
251.0,1.261299102685072,1.2635844501535338,1.2522939029341524,3.738700897314928,3.736415549846466,3.747706097065848
252.0,1.2616059546253584,1.2638920970273322,1.25252434261631,3.7383940453746414,3.736107902972668,3.7474756573836903
253.0,1.2618945203335523,1.2641801637331251,1.2527499021452844,3.738105479666448,3.7358198362668746,3.7472500978547156
254.0,1.2621616084578742,1.2644455962297776,1.2529679445365822,3.737838391542126,3.735554403770222,3.7470320554634178
255.0,1.262404671577691,1.2646860590838584,1.2531761432128603,3.7375953284223087,3.7353139409161416,3.74682385678714
256.0,1.2626218185180154,1.2648999581256342,1.2533725097940998,3.7373781814819846,3.735100041874366,3.7466274902059
257.0,1.262811824509037,1.265086445642382,1.253556120732606,3.737188175490963,3.734913554357618,3.746443879267394
258.0,1.262974220747725,1.2652453557844177,1.2537261564708588,3.737025779252275,3.7347546442155823,3.746273843529141
259.0,1.2631087958257587,1.2653778140695757,1.2538787478375855,3.736891204174241,3.7346221859304243,3.7461212521624145
260.0,1.2632152870500537,1.2654822844579316,1.254015107005815,3.7367847129499463,3.7345177155420686,3.7459848929941852
261.0,1.2632940632301062,1.2655597063170079,1.2541344779947043,3.736705936769894,3.734440293682992,3.7458655220052957
262.0,1.263345779662776,1.2656107850115648,1.2542365437544276,3.7366542203372237,3.7343892149884352,3.745763456245572
263.0,1.2633714197532735,1.265636436944215,1.2543212483361224,3.7366285802467267,3.734363563055785,3.7456787516638776
264.0,1.2633722720764684,1.2656378552075176,1.2543888918920092,3.7366277279235316,3.7343621447924824,3.745611108107991
265.0,1.2633499584824557,1.2656147928233947,1.2544397517985455,3.736650041517544,3.7343852071766053,3.7455602482014543
266.0,1.2633050812936786,1.2655717411024208,1.2544754053258567,3.7366949187063216,3.7344282588975792,3.7455245946741433
267.0,1.2632380466464144,1.2655075617166385,1.2544956383259331,3.736761953353586,3.7344924382833615,3.745504361674067
268.0,1.2631493175161848,1.265422594767452,1.2545001930923356,3.7368506824838152,3.7345774052325478,3.7454998069076644
269.0,1.2630386705871137,1.2653179032288009,1.2544878095988572,3.7369613294128863,3.7346820967711993,3.7455121904011426
270.0,1.2629084032809927,1.265192868344441,1.2544602622770755,3.737091596719007,3.7348071316555593,3.7455397377229245
271.0,1.2627587669792781,1.265048518142088,1.2544175034479326,3.737241233020722,3.734951481857912,3.7455824965520677
272.0,1.2625905303188854,1.264885322968406,1.254359695401436,3.737409469681115,3.7351146770315937,3.745640304598564
273.0,1.2624037393965566,1.264703382964611,1.254286894008405,3.7375962606034436,3.735296617035389,3.745713105991595
274.0,1.262197438798926,1.2645027512333002,1.2541974447658706,3.737802561201074,3.7354972487666998,3.745802555234129
275.0,1.261974101649214,1.264284013494934,1.2540940342433085,3.738025898350786,3.735715986505066,3.7459059657566915
276.0,1.2617335545817423,1.2640476723808203,1.253976211499032,3.7382664454182577,3.73595232761918,3.7460237885009677
277.0,1.2614762558101182,1.2637944091671955,1.2538441625360295,3.738523744189882,3.7362055908328045,3.7461558374639705
278.0,1.2612028127577073,1.2635249624881189,1.2536981868695733,3.7387971872422927,3.736475037511881,3.746301813130427
279.0,1.2609139261802271,1.2632401001389861,1.2535386467416803,3.739086073819773,3.736759899861014,3.7464613532583195
280.0,1.2606107977867458,1.2629407224479199,1.2533659776140684,3.739389202213254,3.7370592775520803,3.7466340223859316
281.0,1.260293961506318,1.2626275736451744,1.2531806055146064,3.739706038493682,3.737372426354826,3.7468193944853936
282.0,1.2599639096016833,1.262301320867629,1.2529829551174572,3.7400360903983167,3.7376986791323707,3.7470170448825426
283.0,1.2596214219790423,1.2619626624384401,1.252773453969213,3.740378578020958,3.73803733756156,3.747226546030787
284.0,1.259267389575523,1.2616125903574789,1.2525550883298133,3.7407326104244767,3.738387409642521,3.7474449116701867
285.0,1.2589024738039307,1.2612515334938097,1.2523245791729303,3.7410975261960693,3.7387484665061903,3.7476754208270697
286.0,1.2585284903243925,1.2608804263759996,1.2520833642447384,3.7414715096756073,3.7391195736240004,3.747916635755262
287.0,1.2581449047921474,1.2604996929071985,1.2518320507362692,3.7418550952078524,3.7395003070928015,3.7481679492637308
288.0,1.2577541075567071,1.2601106327538174,1.2515733455228457,3.742245892443293,3.7398893672461826,3.7484266544771545
289.0,1.2573523789763907,1.2597121553945811,1.2513023089163609,3.7426476210236093,3.740287844605419,3.748697691083639
290.0,1.2569457347113102,1.2593069933617485,1.2510273237373197,3.7430542652886896,3.7406930066382515,3.7489726762626803
291.0,1.256532519492207,1.2588950905166638,1.2507437018234837,3.743467480507793,3.741104909483336,3.7492562981765163
292.0,1.256113688114456,1.2584772115374807,1.2504513189267485,3.743886311885544,3.741522788462519,3.7495486810732515
293.0,1.2556904310800623,1.258054029153387,1.25015167493677,3.7443095689199377,3.741945970846613,3.7498483250632297
294.0,1.2552657770331317,1.257627672485078,1.2498458661931449,3.7447342229668683,3.7423723275149223,3.750154133806855
295.0,1.2548389241802873,1.2571997008446785,1.2495434592484458,3.7451610758197127,3.7428002991553218,3.7504565407515544
296.0,1.2544112201358628,1.2567705603178763,1.2492303782607581,3.7455887798641374,3.743229439682124,3.750769621739242
297.0,1.2539864519942485,1.2563419788229524,1.248912987653609,3.7460135480057515,3.7436580211770476,3.751087012346391
298.0,1.2535626704500313,1.2559145983962645,1.2485925484536995,3.746437329549969,3.7440854016037353,3.7514074515463003
299.0,1.2531433783671597,1.255490816816934,1.2482764608914394,3.7468566216328405,3.744509183183066,3.7517235391085606
300.0,1.2527284233157998,1.2550704311130132,1.247955194408527,3.7472715766842004,3.744929568886987,3.7520448055914732
301.0,1.252317201630623,1.2546539570118247,1.2476326224751881,3.747682798369377,3.7453460429881753,3.752367377524812
302.0,1.2519150074519307,1.2542440315659424,1.2473144230078461,3.748084992548069,3.7457559684340573,3.752685576992154
303.0,1.2515167283855433,1.253839055651949,1.2469945571095251,3.7484832716144565,3.746160944348051,3.753005442890475
304.0,1.2511275128898198,1.253440102171739,1.246675382169495,3.74887248711018,3.746559897828261,3.753324617830505
305.0,1.2507441067326435,1.253048592812936,1.2463609511665819,3.7492558932673568,3.7469514071870638,3.753639048833418
306.0,1.2503658952117023,1.2526627934024441,1.2460472736264412,3.7496341047882975,3.747337206597556,3.7539527263735586
307.0,1.250001636857416,1.2522857864442773,1.2457380811906185,3.749998363142584,3.7477142135557227,3.7542619188093815
308.0,1.2496393349359696,1.251914453813656,1.2454306419617798,3.75036066506403,3.748085546186344,3.7545693580382205
309.0,1.2492932665297114,1.2515524168046677,1.2451276614145994,3.7507067334702886,3.7484475831953326,3.7548723385854004
310.0,1.2489525500634757,1.2511970383164508,1.2448273438358342,3.7510474499365243,3.748802961683549,3.7551726561641656
311.0,1.2486143723422147,1.2508498717243555,1.244531542045262,3.7513856276577853,3.7491501282756445,3.7554684579547377
312.0,1.2482864892409533,1.2505136800954284,1.2442390397673346,3.7517135107590467,3.7494863199045714,3.7557609602326654
313.0,1.247965283172864,1.2501823783856139,1.2439511662527587,3.752034716827136,3.749817621614386,3.7560488337472413
314.0,1.2476523015558714,1.2498658914618241,1.243668421505034,3.7523476984441286,3.750134108538176,3.756331578494966
315.0,1.2473507189293522,1.2495726321066256,1.2433918561237662,3.7526492810706475,3.7504273678933746,3.7566081438762335
316.0,1.2470583049218156,1.2492746209790002,1.243120748836847,3.752941695078184,3.7507253790209996,3.756879251163153
317.0,1.2467776402872366,1.248984396661041,1.2428554968095984,3.7532223597127636,3.751015603338959,3.7571445031904016
318.0,1.2465126856029685,1.2487083130024637,1.242597754110759,3.7534873143970318,3.7512916869975363,3.7574022458892413
319.0,1.2462679448913652,1.2484515878967846,1.2423496940143341,3.753732055108635,3.751548412103215,3.757650305985666
320.0,1.2460482056850832,1.2482194135488138,1.2421139061365005,3.7539517943149168,3.7517805864511864,3.7578860938634993
321.0,1.2458582705197585,1.2480169094670537,1.2418932628397992,3.7541417294802413,3.7519830905329465,3.758106737160201
322.0,1.245702745598915,1.2478489402612742,1.2416907945749855,3.7542972544010853,3.7521510597387255,3.7583092054250145
323.0,1.2455858267214064,1.2477199456840196,1.2415096009681656,3.754414173278594,3.7522800543159804,3.7584903990318344
324.0,1.2455110827393212,1.247633751447623,1.2413527483671603,3.754488917260679,3.752366248552377,3.7586472516328397
325.0,1.2454810485954984,1.2475931299608773,1.2412228482871976,3.754518951404502,3.7524068700391227,3.7587771517128026
326.0,1.2454970988306464,1.2475994078265205,1.2411213089262472,3.754502901169354,3.7524005921734798,3.758878691073753
327.0,1.2455607535100888,1.2476535437374916,1.2410487408104771,3.7544392464899112,3.7523464562625084,3.758951259189523
328.0,1.2456741311424193,1.2477570957245794,1.2410067451792255,3.7543258688575807,3.7522429042754206,3.7589932548207745
329.0,1.2458384169276275,1.2479111539246608,1.2409973700607055,3.7541615830723725,3.752088846075339,3.7590026299392942
330.0,1.246053686228316,1.2481160244319924,1.2410220778509409,3.753946313771684,3.7518839755680076,3.758977922149059
331.0,1.2463200162039352,1.2483696855789954,1.2410838378109346,3.753679983796065,3.7516303144210044,3.7589161621890654
332.0,1.2466358592747013,1.2486749524069796,1.2411804361071397,3.7533641407252984,3.7513250475930207,3.7588195638928603
333.0,1.2470003913776704,1.2490300354347104,1.2413126134695194,3.7529996086223294,3.7509699645652894,3.7586873865304806
334.0,1.2474125464026316,1.2494339252389715,1.2414806064334303,3.7525874535973687,3.7505660747610285,3.7585193935665697
335.0,1.247871229266671,1.2498858373024953,1.241684452296368,3.752128770733329,3.7501141626975047,3.7583155477036323
336.0,1.2483839031425839,1.2504062213061866,1.241929017129479,3.751616096857416,3.7495937786938134,3.758070982870521
337.0,1.2489514563768191,1.251004498130909,1.2422051937023588,3.751048543623181,3.748995501869091,3.757794806297641
338.0,1.2495700857616352,1.2516344224220632,1.242523790092802,3.7504299142383646,3.7483655775779368,3.757476209907198
339.0,1.2502406869486253,1.2523127193575831,1.2428815884675422,3.7497593130513747,3.747687280642417,3.757118411532458
340.0,1.25096341559787,1.2530344591624099,1.243276506376865,3.74903658440213,3.74696554083759,3.7567234936231353
341.0,1.2517239970195173,1.2538046713242403,1.2437100706770785,3.7482760029804827,3.7461953286757597,3.7562899293229215
342.0,1.2525174825470058,1.2546137789484004,1.2441825854099957,3.747482517452994,3.7453862210515996,3.7558174145900045
343.0,1.253333072024062,1.2554539191933323,1.2446856801969493,3.746666927975938,3.7445460808066677,3.755314319803051
344.0,1.2541722676695182,1.2563184948597412,1.2452207885867974,3.745827732330482,3.743681505140259,3.7547792114132026
345.0,1.2550231210840397,1.2571922535884634,1.2457773148361213,3.7449768789159603,3.7428077464115366,3.754222685163879
346.0,1.2558747418837166,1.2580659271175805,1.246356269379435,3.7441252581162834,3.7419340728824197,3.753643730620565
347.0,1.2567122024459556,1.258923519327705,1.2469424140682472,3.7432877975540446,3.741076480672295,3.753057585931753
348.0,1.2575312025375691,1.259757111074794,1.2475392130711123,3.742468797462431,3.7402428889252057,3.7524607869288875
349.0,1.2583195641784677,1.2605551448547094,1.248128320364345,3.7416804358215323,3.7394448551452903,3.751871679635655
350.0,1.2590701536879243,1.2613080974689492,1.2487057374836918,3.740929846312076,3.738691902531051,3.751294262516308
351.0,1.2597759419179808,1.2620120448732446,1.249278038084904,3.740224058082019,3.7379879551267554,3.750721961915096
352.0,1.260433169568417,1.2626618089497144,1.2498222004398682,3.739566830431583,3.7373381910502856,3.7501777995601318
353.0,1.2610366024328987,1.2632549698832356,1.2503390734314723,3.738963397567101,3.736745030116764,3.7496609265685277
354.0,1.261586256546457,1.2637911834030977,1.2508425317499134,3.7384137434535427,3.7362088165969025,3.7491574682500866
355.0,1.2620792968801129,1.2642692344753528,1.2513042769260025,3.737920703119887,3.7357307655246474,3.7486957230739977
356.0,1.262515324672715,1.2646897407123054,1.2517326386869507,3.737484675327285,3.7353102592876946,3.748267361313049
357.0,1.2628949131402802,1.2650540188582176,1.2521275096768179,3.73710508685972,3.7349459811417827,3.747872490323182
358.0,1.263221945374402,1.2653682108563808,1.2524952503282596,3.736778054625598,3.734631789143619,3.7475047496717404
359.0,1.2634938905042195,1.2656272773689268,1.2528234326464969,3.7365061094957808,3.7343727226310732,3.7471765673535034
360.0,1.2637135460524545,1.2658352925732954,1.2531165550243764,3.7362864539475455,3.7341647074267046,3.746883444975624
361.0,1.263883187721865,1.2659950390335664,1.2533755163714517,3.736116812278135,3.7340049609664336,3.7466244836285485
362.0,1.2640052212447574,1.266109233490279,1.2536011076400395,3.7359947787552423,3.733890766509721,3.7463988923599603
363.0,1.2640808403215937,1.2661780638273523,1.2537939146180317,3.7359191596784065,3.7338219361726477,3.746206085381968
364.0,1.264114979232885,1.2662084473895898,1.253957043182349,3.735885020767115,3.73379155261041,3.746042956817651
365.0,1.2641099963103744,1.266201886017185,1.2540888172610012,3.735890003689626,3.733798113982815,3.7459111827389986
366.0,1.264068529222692,1.2661609558977474,1.2541917943844187,3.7359314707773077,3.7338390441022526,3.7458082056155813
367.0,1.2639926485397563,1.2660879256278645,1.2542677268554503,3.736007351460244,3.7339120743721352,3.74573227314455
368.0,1.2638838715327096,1.265984281361502,1.2543176013746722,3.73611612846729,3.734015718638498,3.745682398625328
369.0,1.26374385587067,1.2658511968060107,1.2543420516745263,3.73625614412933,3.7341488031939893,3.7456579483254737
370.0,1.2635725097066872,1.2656894535189787,1.2543405535979586,3.7364274902933126,3.734310546481021,3.7456594464020414
371.0,1.263374759540109,1.2655010520388852,1.2543154417389506,3.736625240459891,3.734498947961115,3.7456845582610496
372.0,1.2631516385420747,1.2652874459583823,1.2542674261065707,3.736848361457925,3.734712554041618,3.745732573893429
373.0,1.2629048015706326,1.2650502961165007,1.254197465133365,3.737095198429367,3.7349497038834993,3.745802534866635
374.0,1.2626359492512969,1.2647913299137512,1.2541065711439519,3.7373640507487034,3.735208670086249,3.745893428856048
375.0,1.2623473233239029,1.2645124214395322,1.2539958340909547,3.737652676676097,3.735487578560468,3.7460041659090453
376.0,1.2620399482509144,1.264215101545595,1.2538662840096202,3.7379600517490856,3.735784898454405,3.74613371599038
377.0,1.2617153449795628,1.2639008527309032,1.2537189704622822,3.738284655020437,3.7360991472690968,3.746281029537718
378.0,1.261374940606162,1.263571052496204,1.2535549087646085,3.738625059393838,3.736428947503796,3.7464450912353913
379.0,1.2610200618110015,1.2632269519306258,1.253375072322964,3.7389799381889985,3.736773048069374,3.7466249276770363
380.0,1.2606519234379832,1.2628696746584245,1.2531803675095081,3.739348076562017,3.7371303253415755,3.746819632490492
381.0,1.2602725722367387,1.2625004747942783,1.2529716863245726,3.7397274277632615,3.7374995252057217,3.747028313675427
382.0,1.2598821748896338,1.262120322041422,1.2527516158396366,3.7401178251103664,3.7378796779585777,3.7472483841603634
383.0,1.2594817074372064,1.2617299395568733,1.2525189521340927,3.7405182925627933,3.738270060443127,3.7474810478659073
384.0,1.2591063566654153,1.2613581059467103,1.2522978520178811,3.7408936433345845,3.7386418940532895,3.747702147982119
385.0,1.2586921891664515,1.2609530443102916,1.2520473209255578,3.7413078108335487,3.7390469556897084,3.747952679074442
386.0,1.258275822181756,1.2605455494054065,1.2517873460196025,3.741724177818244,3.7394544505945935,3.7482126539803975
387.0,1.2578607840070686,1.2601392430063276,1.2515191963098429,3.7421392159929314,3.7398607569936724,3.748480803690157
388.0,1.257440541010237,1.2597292061776588,1.2512353915887982,3.742559458989763,3.740270793822341,3.748764608411202
389.0,1.257062770533877,1.2593600662311686,1.2509683426918683,3.742937229466123,3.7406399337688314,3.749031657308132
390.0,1.2567501460661137,1.2590588158818363,1.2507240266659585,3.7432498539338863,3.7409411841181637,3.7492759733340417
391.0,1.2564855677322546,1.258809721241931,1.2504896079829362,3.7435144322677454,3.741190278758069,3.749510392017064
392.0,1.2563100204592028,1.2586531491088724,1.2502925662687432,3.743689979540797,3.7413468508911274,3.749707433731257
393.0,1.2562443329065054,1.258610138616075,1.250152351691035,3.7437556670934944,3.741389861383925,3.749847648308965
394.0,1.2562880493560862,1.2586817441849112,1.2500695301736884,3.743711950643914,3.741318255815089,3.7499304698263116
395.0,1.2564814097131847,1.2589018281592523,1.2500483208166402,3.7435185902868153,3.741098171840748,3.7499516791833596
396.0,1.2568355810376421,1.2592937905315724,1.2501145465620407,3.743164418962358,3.740706209468428,3.749885453437959
397.0,1.257370666301903,1.2598731788575748,1.2502860256124542,3.7426293336980967,3.7401268211424252,3.7497139743875456
398.0,1.2580955421183557,1.2606641244017671,1.2505665751094706,3.7419044578816445,3.7393358755982327,3.7494334248905297
399.0,1.2590339434590503,1.2616831505033754,1.250977870515611,3.74096605654095,3.7383168494966244,3.749022129484389
400.0,1.2601861772907625,1.262943170540944,1.2515204167537526,3.7398138227092375,3.737056829459056,3.7484795832462474
401.0,1.2615622408244356,1.2644571747187865,1.2522083229917764,3.7384377591755644,3.7355428252812137,3.7477916770082236
402.0,1.2631746031757871,1.2662372765257612,1.2530660291503513,3.736825396824213,3.7337627234742388,3.746933970849649
403.0,1.2650274019056953,1.2682898964838338,1.2540828660613748,3.7349725980943047,3.731710103516166,3.745917133938625
404.0,1.2671253737387596,1.2706173144344937,1.255284903101792,3.7328746262612404,3.7293826855655063,3.744715096898208
405.0,1.2694681559066314,1.2732169504671493,1.256659839993073,3.7305318440933686,3.726783049532851,3.7433401600069267
406.0,1.272052423291963,1.2760836499150516,1.2582265642276262,3.7279475767080372,3.7239163500849486,3.741773435772374
407.0,1.2748759668994927,1.2792074559793043,1.2599724126280187,3.7251240331005073,3.7207925440206955,3.7400275873719813
408.0,1.2779366131322858,1.282578886448247,1.2619079729270766,3.722063386867714,3.7174211135517528,3.7380920270729234
409.0,1.2812247480177137,1.2861809010390093,1.2640197988615172,3.7187752519822865,3.7138190989609905,3.735980201138483
410.0,1.2847343840951693,1.289998912085724,1.2663141115988439,3.7152656159048307,3.710001087914276,3.733685888401156
411.0,1.2884556262338434,1.294014142374625,1.268774608987386,3.7115443737661566,3.7059858576253752,3.731225391012614
412.0,1.2923766932947625,1.2982059228262735,1.2714015494818174,3.7076233067052375,3.7017940771737265,3.7285984505181826
413.0,1.2964703736734948,1.3025145630916442,1.2741760873552757,3.703529626326505,3.697485436908356,3.7258239126447243
414.0,1.3007156947075673,1.3069370262369202,1.2770779923517108,3.6992843052924327,3.69306297376308,3.722922007648289
415.0,1.3050900244365902,1.3114568400224933,1.2800977658169939,3.6949099755634096,3.688543159977507,3.719902234183006
416.0,1.3095616540977781,1.316044145645162,1.283214145678534,3.690438345902222,3.683955854354838,3.716785854321466
417.0,1.3141014438758278,1.3206568144645916,1.286410764631696,3.6858985561241724,3.6793431855354086,3.713589235368304
418.0,1.3186640955233853,1.3252502689003451,1.289660669788917,3.6813359044766147,3.674749731099655,3.7103393302110828
419.0,1.3232008467118903,1.3297793859667904,1.2929424596770973,3.6767991532881097,3.6702206140332096,3.7070575403229027
420.0,1.3276672477487426,1.3342048090029435,1.2962271804175407,3.6723327522512577,3.6657951909970565,3.7037728195824595
421.0,1.3320317727473123,1.3384960469688931,1.2994957803825407,3.667968227252688,3.661503953031107,3.7005042196174593
422.0,1.3362526235265193,1.3426238080544302,1.3027194283462216,3.6637473764734807,3.65737619194557,3.6972805716537787
423.0,1.3402972252034613,1.3465673687064799,1.3058831720026516,3.6597027747965387,3.65343263129352,3.694116827997348
424.0,1.3441422368822427,1.3503120454225905,1.3089686493958845,3.6558577631177576,3.6496879545774092,3.6910313506041152
425.0,1.347774212859152,1.3538476707754676,1.3119637857156665,3.652225787140848,3.6461523292245324,3.6880362142843337
426.0,1.3511793252293587,1.3571655712375603,1.3148511532707097,3.6488206747706413,3.6428344287624395,3.68514884672929
427.0,1.3543486537795562,1.3602626268131754,1.3176251648174924,3.645651346220444,3.6397373731868248,3.6823748351825074
428.0,1.3572792611851636,1.3631390032435784,1.3202790159105318,3.6427207388148366,3.636860996756422,3.6797209840894682
429.0,1.3599734373336045,1.3657976203328857,1.3228073860384941,3.6400265626663955,3.6342023796671143,3.677192613961506
430.0,1.3624357421273434,1.3682425386061128,1.3252036630973187,3.637564257872657,3.631757461393887,3.6747963369026815
431.0,1.3646728467972356,1.3704796691989098,1.327468328320982,3.6353271532027644,3.62952033080109,3.672531671679018
432.0,1.3666929827252696,1.3725160534623848,1.3296016283545022,3.6333070172747304,3.627483946537615,3.670398371645498
433.0,1.3685058188064194,1.3743508905425788,1.3316052780320946,3.6314941811935806,3.625649109457421,3.668394721967905
434.0,1.3701550655030692,1.376097780684503,1.3334881568831467,3.629844934496931,3.623902219315497,3.6665118431168535
435.0,1.3716245360964259,1.3776644303802987,1.3352472435127543,3.6283754639035743,3.6223355696197013,3.6647527564872457
436.0,1.3729206604508042,1.3790383157413462,1.3368812742610314,3.627079339549196,3.6209616842586536,3.6631187257389684
437.0,1.3740494054747343,1.3802151852526325,1.3383905077342242,3.625950594525266,3.6197848147473675,3.661609492265776
438.0,1.3749974127840863,1.3812382660691365,1.339780665909705,3.6250025872159135,3.6187617339308638,3.660219334090295
439.0,1.375791238869379,1.3820913719424375,1.3410501264740162,3.624208761130621,3.6179086280575623,3.6589498735259838
440.0,1.3764296008069565,1.3827883217624621,1.3422006041376258,3.6235703991930435,3.617211678237538,3.6577993958623742
441.0,1.3769120307623262,1.3833424343829925,1.3432370771141404,3.623087969237674,3.6166575656170075,3.65676292288586
442.0,1.3772522543293564,1.3837486087403355,1.3441582311969231,3.622747745670644,3.6162513912596648,3.655841768803077
443.0,1.3774572371377243,1.384014366368347,1.3449644894141974,3.6225427628622757,3.615985633631653,3.655035510585803
444.0,1.3775330709496765,1.3841457879251389,1.3456597467506632,3.6224669290503235,3.6158542120748614,3.6543402532493365
445.0,1.3774839054154033,1.3841456506815262,1.34624417054207,3.6225160945845967,3.615854349318474,3.65375582945793
446.0,1.3773209238858972,1.3840263317961954,1.346726082043965,3.622679076114103,3.6159736682038046,3.653273917956035
447.0,1.3770492880821865,1.383793334249007,1.3471083274717053,3.6229507119178135,3.616206665750993,3.6528916725282947
448.0,1.376673623630819,1.383451810200154,1.3473941837964947,3.6233263763691808,3.616548189799846,3.652605816203505
449.0,1.3761980683632158,1.3830058421495601,1.3475860588397053,3.623801931636784,3.61699415785044,3.6524139411602947
450.0,1.375627002853015,1.3824589752148533,1.3476860305886882,3.6243729971469847,3.6175410247851465,3.6523139694113116
451.0,1.3749634406088858,1.381813330330979,1.3476950193958352,3.6250365593911145,3.6181866696690212,3.652304980604165
452.0,1.3742298258137522,1.3810781486352701,1.3476178359985285,3.625770174186248,3.61892185136473,3.6523821640014713
453.0,1.3734144795953116,1.380257228139777,1.3474576636137447,3.6265855204046886,3.6197427718602233,3.6525423363862553
454.0,1.3725199476172514,1.379362404719841,1.3472204946844952,3.6274800523827486,3.620637595280159,3.6527795053155048
455.0,1.3715731106579918,1.3783926987754296,1.3469074859377603,3.628426889342008,3.6216073012245706,3.65309251406224
456.0,1.370549213503906,1.377349671733891,1.3465213820345423,3.6294507864960943,3.622650328266109,3.6534786179654577
457.0,1.3694773321249496,1.3762568991430792,1.3460691729252658,3.6305226678750504,3.6237431008569208,3.653930827074734
458.0,1.3683402441508776,1.3750919699413793,1.3455505671695327,3.6316597558491224,3.624908030058621,3.654449432830467
459.0,1.3671604121609555,1.3738959507244306,1.3449721971083217,3.6328395878390447,3.626104049275569,3.655027802891678
460.0,1.3659548281263922,1.3727207030384592,1.344342858493885,3.6340451718736078,3.627279296961541,3.655657141506115
461.0,1.364695766943039,1.3714400933335091,1.343656574858865,3.635304233056961,3.628559906666491,3.6563434251411353
462.0,1.363388736607461,1.3700986860977942,1.3429168827236855,3.636611263392539,3.629901313902206,3.6570831172763145
463.0,1.3620391930561733,1.3687083510011504,1.3421270516155264,3.637960806943827,3.6312916489988494,3.6578729483844734
464.0,1.3606511369891772,1.3672761457734328,1.3412902911091573,3.639348863010823,3.632723854226567,3.658709708890843
465.0,1.3592292961383716,1.3658079661968359,1.3404098335905006,3.6407707038616284,3.6341920338031644,3.659590166409499
466.0,1.3577783500530947,1.3643091136262424,1.339488967255574,3.6422216499469053,3.635690886373758,3.660511032744426
467.0,1.3563010287130322,1.3627836921464866,1.3385285835990561,3.643698971286968,3.6372163078535134,3.6614714164009436
468.0,1.3548015704279095,1.3612358622706255,1.3375336565874782,3.6451984295720905,3.6387641377293747,3.6624663434125218
469.0,1.3532839348833088,1.3596696187179116,1.3365082019755024,3.646716065116691,3.640330381282088,3.6634917980244976
470.0,1.3517499086084395,1.358088330831274,1.3354553146883708,3.6482500913915605,3.641911669168726,3.664544685311629
471.0,1.3502032737868745,1.3564947050415774,1.3343753733859027,3.6497967262131255,3.6435052949584223,3.6656246266140973
472.0,1.3486450556984109,1.354891682387898,1.3332725806055583,3.6513549443015894,3.645108317612102,3.6667274193944417
473.0,1.3470795651435352,1.3532824615156371,1.3321504899387895,3.6529204348564646,3.6467175384843626,3.6678495100612105
474.0,1.345507020900684,1.3516685837458047,1.331009367092261,3.6544929790993157,3.6483314162541953,3.668990632907739
475.0,1.3439319619877146,1.3500527843801085,1.3298527409339203,3.656068038012285,3.6499472156198918,3.6701472590660797
476.0,1.3423540006581252,1.3484369292739429,1.3286835464167197,3.6576459993418746,3.6515630707260573,3.6713164535832803
477.0,1.3407775639157482,1.3468220160190527,1.3275021720026194,3.659222436084252,3.6531779839809473,3.672497827997381
478.0,1.3392014658862563,1.3452091448812953,1.326311101521791,3.6607985341137437,3.654790855118705,3.673688898478209
479.0,1.3376273896547153,1.3435980704200816,1.3251109500083893,3.662372610345285,3.6564019295799186,3.6748890499916107
480.0,1.336057772004643,1.3419887527692476,1.3239026530197187,3.6639422279953573,3.6580112472307524,3.6760973469802813
481.0,1.3344924793148152,1.3403835227889613,1.32268846946319,3.6655075206851846,3.6596164772110384,3.67731153053681
482.0,1.3329321660205329,1.3387815348572845,1.3214694669536287,3.667067833979467,3.6612184651427153,3.6785305330463713
483.0,1.331375423326196,1.3371753707121816,1.3202453963274876,3.668624576673804,3.6628246292878184,3.6797546036725124
484.0,1.3298232612838587,1.33556548518243,1.3190168560370987,3.6701767387161413,3.66443451481757,3.6809831439629015
485.0,1.3282799812390804,1.3339669037459614,1.3177861556029014,3.6717200187609196,3.6660330962540386,3.682213844397099
486.0,1.326748600218913,1.3323855225758676,1.316555626850134,3.673251399781087,3.6676144774241326,3.6834443731498663
487.0,1.3252306570125898,1.3308218416558237,1.315327030902691,3.6747693429874104,3.6691781583441765,3.684672969097309
488.0,1.3237268246557818,1.3292751976522357,1.3141016467971862,3.6762731753442184,3.670724802347764,3.6858983532028136
489.0,1.3222375471099665,1.3277449531020737,1.3128804554191205,3.6777624528900335,3.6722550468979263,3.6871195445808795
490.0,1.320762914723964,1.3262304663668063,1.3116641083317124,3.679237085276036,3.6737695336331937,3.6883358916682876
491.0,1.3193029329806227,1.324731350265924,1.3104531722130213,3.680697067019377,3.6752686497340763,3.6895468277869785
492.0,1.3178575800582402,1.323247261574192,1.3092481238824054,3.68214241994176,3.676752738425808,3.6907518761175946
493.0,1.31642653534431,1.321777722058653,1.3080499955857001,3.68357346465569,3.678222277941347,3.6919500044143
494.0,1.3150101600834945,1.3203228949162995,1.3068584898625237,3.6849898399165055,3.6796771050837007,3.693141510137476
495.0,1.3136082867280507,1.3188824435727895,1.3056738940795385,3.6863917132719495,3.6811175564272105,3.6943261059204615
496.0,1.3122209279350259,1.3174561393110613,1.304496526499122,3.6877790720649744,3.6825438606889387,3.695503473500878
497.0,1.3108478714150438,1.316043444000609,1.3033264398903213,3.689152128584956,3.6839565559993908,3.6966735601096787
498.0,1.3094888425525608,1.3146440388765468,1.3021637891705145,3.690511157447439,3.685355961123453,3.6978362108294855
499.0,1.308143682090249,1.3132577850471943,1.3010087151447631,3.691856317909751,3.6867422149528055,3.6989912848552366
500.0,1.306812318367853,1.3118847605400468,1.2998613743382017,3.693187681632147,3.688115239459953,3.7001386256617983
501.0,1.3054948323626734,1.3105252230684543,1.298722258533586,3.6945051676373266,3.6894747769315455,3.7012777414664138
502.0,1.304191198275872,1.3091794828303551,1.2975914588032695,3.695808801724128,3.690820517169645,3.7024085411967302
503.0,1.3029017484732852,1.3078479303385064,1.296469283718535,3.6970982515267146,3.6921520696614936,3.703530716281465
504.0,1.3016265003323768,1.3065305959520044,1.2953558122208364,3.698373499667623,3.6934694040479954,3.704644187779164
505.0,1.3003654111614262,1.3052276078394873,1.2942512748937116,3.699634588838574,3.6947723921605125,3.7057487251062886
506.0,1.2991184945657432,1.3039390239431647,1.2931558614175203,3.700881505434257,3.6960609760568355,3.70684413858248
507.0,1.297885728359284,1.3026648434817394,1.2920697507538355,3.702114271640716,3.6973351565182604,3.7079302492461643
508.0,1.2966671698291474,1.3014051180212152,1.290993437167187,3.7033328301708526,3.698594881978785,3.709006562832813
509.0,1.2954628667338393,1.3001599341619197,1.2899269129844726,3.704537133266161,3.6998400658380803,3.7100730870155276
510.0,1.294272676206003,1.2989289764729992,1.2888700385314367,3.705727323793997,3.7010710235270006,3.711129961468563
511.0,1.2930963939376556,1.297712117971663,1.2878229195404527,3.7069036060623444,3.7022878820283367,3.712177080459547
512.0,1.2919338951830834,1.2965092318896563,1.286785599698859,3.7080661048169166,3.7034907681103437,3.713214400301141
513.0,1.2907850605660725,1.2953201765042435,1.2857580979737875,3.7092149394339273,3.7046798234957565,3.7142419020262123
514.0,1.2896502147197464,1.2941451467161003,1.284740998303304,3.7103497852802536,3.7058548532839,3.7152590016966958
515.0,1.2885289236046187,1.2929837709282184,1.2837338767292705,3.711471076395381,3.7070162290717814,3.7162661232707297
516.0,1.2874209834148431,1.2918358414846358,1.2827367176650277,3.712579016585157,3.7081641585153644,3.7172632823349723
517.0,1.286326229677489,1.2907012129485247,1.2817494674445766,3.7136737703225107,3.709298787051475,3.718250532555423
518.0,1.2852444973809618,1.2895797275239764,1.280772086646126,3.714755502619038,3.7104202724760236,3.719227913353874
519.0,1.2841761500633089,1.2884715930924335,1.279805218573012,3.715823849936691,3.7115284069075667,3.7201947814269882
520.0,1.2831206785110336,1.287376437977141,1.278848259932993,3.7168793214889666,3.712623562022859,3.721151740067007
521.0,1.2820776632671893,1.2862936880207507,1.2779008217672458,3.7179223367328107,3.7137063119792493,3.722099178232754
522.0,1.2810472179852277,1.28522362744547,1.2769632970098996,3.7189527820147723,3.71477637255453,3.7230367029901004
523.0,1.28002965602859,1.2841663197702158,1.276036181272058,3.71997034397141,3.7158336802297844,3.723963818727942
524.0,1.2790244671614308,1.2831215122388617,1.275119004305719,3.720975532838569,3.7168784877611385,3.724880995694281
525.0,1.278031425871228,1.2820889600399097,1.2742115478717262,3.721968574128772,3.7179110399600903,3.725788452128274
526.0,1.2770503448926145,1.2810684929371794,1.2733137095499538,3.7229496551073855,3.7189315070628206,3.726686290450046
527.0,1.276081616160563,1.2800601030638499,1.2724254768106826,3.723918383839437,3.7199398969361503,3.7275745231893174
528.0,1.2751265218055932,1.2790641147967559,1.2715506400822023,3.724873478194407,3.720935885203244,3.7284493599177977
529.0,1.2741825984577873,1.2780812817075098,1.2706837041809387,3.725817401542213,3.72191871829249,3.7293162958190615
530.0,1.2732509973532855,1.2771104853727204,1.2698261566407627,3.7267490026467147,3.72288951462728,3.7301738433592373
531.0,1.272333109218211,1.2761532501128636,1.2689785928765216,3.727666890781789,3.7238467498871364,3.731021407123478
532.0,1.2714309422378427,1.2752110914131882,1.2681419148131732,3.728569057762157,3.7247889085868118,3.731858085186827
533.0,1.27054603019329,1.2742861331785422,1.2673169262084893,3.72945396980671,3.725713866821458,3.7326830737915104
534.0,1.269682941030328,1.2733827519422591,1.2665052407550252,3.730317058969672,3.7266172480577406,3.7334947592449748
535.0,1.2688441852856953,1.2725028459493815,1.265708786086041,3.7311558147143047,3.7274971540506185,3.7342912139139592
536.0,1.2680332922828954,1.2716508160852655,1.2649291788091108,3.7319667077171044,3.7283491839147347,3.735070821190889
537.0,1.2672542918954974,1.2708305655055923,1.2641685484197418,3.7327457081045026,3.7291694344944077,3.735831451580258
538.0,1.266511410499589,1.270046061458669,1.263429564420339,3.733488589500411,3.729953938541331,3.7365704355796607
539.0,1.2658075696867435,1.2693005751141024,1.2627154536949834,3.7341924303132563,3.7306994248858976,3.7372845463050166
540.0,1.2651446216219473,1.2685963745120046,1.262027130770316,3.734855378378053,3.7314036254879954,3.737972869229684
541.0,1.2645252767692274,1.26793573417539,1.2613665643719165,3.7354747232307726,3.7320642658246097,3.7386334356280835
542.0,1.263947358451627,1.2673151595435166,1.260735329164717,3.736052641548373,3.7326848404564834,3.739264670835283
543.0,1.2634169504842103,1.2667435145395352,1.260135698608451,3.7365830495157897,3.7332564854604646,3.739864301391549
544.0,1.2629331250415183,1.2662192095493576,1.2595678914959256,3.7370668749584817,3.733780790450642,3.7404321085040744
545.0,1.2624959690240238,1.2657424415116587,1.2590347325581062,3.737504030975976,3.7342575584883413,3.7409652674418936
546.0,1.262105927836789,1.2653130402621917,1.2585344065760524,3.7378940721632112,3.7346869597378083,3.7414655934239476
547.0,1.2617616170211763,1.2649302712717774,1.258067400380891,3.7382383829788237,3.735069728728223,3.7419325996191093
548.0,1.2614624188589434,1.2645936759156056,1.2576362303281323,3.7385375811410566,3.735406324084394,3.7423637696718677
549.0,1.2612073509083133,1.2643020666999618,1.257238137617987,3.7387926490916867,3.735697933300038,3.7427618623820127
550.0,1.2609951110411768,1.2640540325398892,1.2568731026761915,3.7390048889588234,3.7359459674601108,3.7431268973238083
551.0,1.2608242890051722,1.2638480041286748,1.2565408809830876,3.739175710994828,3.7361519958713254,3.7434591190169124
552.0,1.2607005963633398,1.2636965354342622,1.256248098706144,3.73929940363666,3.736303464565738,3.743751901293856
553.0,1.2606118441566594,1.2635749489918244,1.2559840686210493,3.739388155843341,3.7364250510081756,3.744015931378951
554.0,1.2605589173948326,1.2634897739642041,1.2557509728270935,3.7394410826051674,3.736510226035796,3.7442490271729065
555.0,1.2605409872793043,1.2634402791333985,1.2555481181416859,3.7394590127206957,3.7365597208666017,3.744451881858314
556.0,1.2605574107613684,1.2634263373667085,1.2553749687707096,3.7394425892386316,3.7365736626332913,3.7446250312292904
557.0,1.2606081402063296,1.2634483513584047,1.2552324254851324,3.7393918597936704,3.736551648641595,3.7447675745148676
558.0,1.2606941153992446,1.2635073801887706,1.2551181540909215,3.739305884600755,3.736492619811229,3.7448818459090782
559.0,1.260816832734871,1.2636048721595028,1.2550328185987454,3.739183167265129,3.736395127840497,3.744967181401255
560.0,1.2609782431723708,1.2637428824293226,1.2549774973670418,3.739021756827629,3.7362571175706774,3.745022502632958
561.0,1.2611826347315427,1.26392250890165,1.254955426281579,3.7388173652684573,3.7360774910983503,3.7450445737184213
562.0,1.2614284660624866,1.2641481179801097,1.2549664815756434,3.738571533937513,3.7358518820198903,3.7450335184243566
563.0,1.2617174200213193,1.2644199523051387,1.255011798116662,3.738282579978681,3.735580047694861,3.744988201883338
564.0,1.2620537434911738,1.2647401293610019,1.2550956203040726,3.737946256508826,3.7352598706389983,3.744904379695927
565.0,1.2624331766069625,1.2651091185824794,1.2552144370364893,3.7375668233930375,3.7348908814175203,3.7447855629635107
566.0,1.2628589459767814,1.265529061470787,1.255370218251134,3.7371410540232186,3.734470938529213,3.7446297817488663
567.0,1.2633314086552354,1.266001612541102,1.2555640371312256,3.7366685913447646,3.733998387458898,3.7444359628687742
568.0,1.2638514401300702,1.2665282307913264,1.2557969033743999,3.73614855986993,3.7334717692086734,3.7442030966256
569.0,1.2644195949113872,1.2671098736882758,1.2560697245748462,3.735580405088613,3.732890126311724,3.7439302754251536
570.0,1.265036505136628,1.2677469031797592,1.2563832380187687,3.734963494863372,3.7322530968202408,3.7436167619812313
571.0,1.265702139956987,1.268438895882772,1.256737888320324,3.734297860043013,3.731561104117228,3.743262111679676
572.0,1.2664152888759883,1.2691845245419606,1.2571337089746026,3.7335847111240117,3.7308154754580394,3.7428662910253974
573.0,1.2671750149024734,1.2699823583503547,1.257572665022583,3.7328249850975266,3.7300176416496456,3.742427334977417
574.0,1.267980673562674,1.2708305751898121,1.2580516715828407,3.7320193264373263,3.7291694248101876,3.741948328417159
575.0,1.2688292404945234,1.271726814386831,1.258570825768031,3.731170759505477,3.728273185613169,3.741429174231969
576.0,1.2697176831595394,1.2726773062849808,1.25911929783119,3.7302823168404604,3.7273226937150192,3.74088070216881
577.0,1.2706481064419193,1.2736625954627196,1.259711316182921,3.7293518935580807,3.72633740453728,3.740288683817079
578.0,1.271614235753776,1.2746827171164208,1.2603413742251688,3.728385764246224,3.725317282883579,3.7396586257748314
579.0,1.272618491490636,1.2757467120456039,1.261009226069806,3.727381508509364,3.7242532879543964,3.738990773930194
580.0,1.2736600979995756,1.2768506820427599,1.2617115630263864,3.7263399020004244,3.7231493179572404,3.7382884369736136
581.0,1.2747389687076665,1.27799416739189,1.262447831779734,3.7252610312923338,3.72200583260811,3.737552168220266
582.0,1.2758583452084893,1.2791755829718348,1.2632234281193906,3.7241416547915107,3.7208244170281652,3.7367765718806094
583.0,1.2770177867630224,1.2804036333416196,1.2640320969800791,3.7229822132369774,3.7195963666583802,3.7359679030199207
584.0,1.2782225810798231,1.2816812183632782,1.2648786148415696,3.721777418920177,3.7183187816367216,3.7351213851584304
585.0,1.2794759123983013,1.2830119088242318,1.2657630592852998,3.7205240876016985,3.716988091175768,3.7342369407147
586.0,1.2807814363908276,1.2843997073097249,1.2666879236538864,3.7192185636091724,3.715600292690275,3.7333120763461136
587.0,1.2821432098628815,1.2858485349786297,1.2676558719547608,3.7178567901371187,3.71415146502137,3.732344128045239
588.0,1.2835639673749386,1.2873612088102302,1.2686712458781113,3.7164360326250616,3.71263879118977,3.731328754121889
589.0,1.285045588524647,1.2889394357445252,1.269733113006452,3.714954411475353,3.711060564255475,3.7302668869935482
590.0,1.2865899917382553,1.2905842198838542,1.2708432108929852,3.7134100082617447,3.709415780116146,3.729156789107015
591.0,1.2881975829424022,1.2922953295015296,1.2720044193738926,3.711802417057598,3.7077046704984706,3.727995580626107
592.0,1.2898676024721292,1.2940715708710637,1.2732146731022318,3.710132397527871,3.705928429128936,3.726785326897768
593.0,1.291599365983113,1.2959112591772592,1.2744740942645352,3.708400634016887,3.7040887408227405,3.7255259057354646
594.0,1.2933907516937493,1.2978115857497947,1.2757817992460567,3.7066092483062505,3.7021884142502053,3.7242182007539433
595.0,1.2952385876697223,1.2997693163895854,1.2771392804501125,3.704761412330278,3.700230683610415,3.7228607195498875
596.0,1.2971416621705092,1.3017820304105323,1.278543077996521,3.7028583378294906,3.698217969589468,3.7214569220034788
597.0,1.2990962622743345,1.3038456910547112,1.279991244908885,3.7009037377256657,3.696154308945289,3.720008755091115
598.0,1.3010989713168786,1.3059563531916858,1.281481844351311,3.6989010286831214,3.694043646808314,3.718518155648689
599.0,1.3031464317190349,1.3081102308402948,1.2830146761300292,3.6968535682809653,3.6918897691597055,3.716985323869971
600.0,1.3052425432748815,1.3103255748478397,1.2845743785406079,3.6947574567251182,3.6896744251521603,3.715425621459392
601.0,1.3073631824367193,1.3125364390961565,1.2861760581871444,3.6926368175632804,3.6874635609038435,3.713823941812856
602.0,1.3095170519683423,1.31477811464014,1.2878109628777565,3.690482948031658,3.68522188535986,3.7121890371222435
603.0,1.3116965493946535,1.3170452445209584,1.2894757780455695,3.6883034506053463,3.6829547554790416,3.7105242219544303
604.0,1.3138943108412564,1.3193284825104479,1.2911751090378485,3.686105689158744,3.680671517489552,3.7088248909621515
605.0,1.3161075079255249,1.3216350259670715,1.2928934630023494,3.683892492074475,3.6783649740329283,3.7071065369976504
606.0,1.3183253040438343,1.3239497879696316,1.2946312583746251,3.6816746959561657,3.6760502120303684,3.705368741625375
607.0,1.32053815564277,1.3262606014301512,1.296382641295206,3.6794618443572302,3.6737393985698485,3.7036173587047942
608.0,1.3227300264423645,1.3285491065687192,1.298139592136521,3.6772699735576353,3.671450893431281,3.701860407863479
609.0,1.32488935091477,1.3308002084541941,1.2998955588875625,3.67511064908523,3.6691997915458057,3.7001044411124377
610.0,1.3269978610879911,1.3329970619891292,1.3016408986647177,3.673002138912009,3.667002938010871,3.6983591013352823
611.0,1.3290448456970343,1.3351238684139861,1.303365933082108,3.6709551543029657,3.6648761315860137,3.696634066917892
612.0,1.331017796368401,1.3371649726540282,1.3050594289192252,3.6689822036315993,3.662835027345972,3.6949405710807746
613.0,1.3329012852033375,1.3391082497877425,1.30671336289574,3.6670987147966625,3.6608917502122575,3.69328663710426
614.0,1.3346884279148838,1.340945239036916,1.3083192823064753,3.665311572085116,3.659054760963084,3.691680717693525
615.0,1.33637555000415,1.3426710524696388,1.3098692045930933,3.66362444999585,3.6573289475303614,3.6901307954069065
616.0,1.3379485887804086,1.3442768208854758,1.311358308525078,3.6620514112195917,3.655723179114524,3.6886416914749223
617.0,1.3394080201866685,1.345761570846772,1.3127795243685527,3.6605919798133315,3.654238429153228,3.687220475631447
618.0,1.340752598050401,1.3471252938071643,1.3141295937306177,3.659247401949599,3.6528747061928355,3.685870406269382
619.0,1.3419821870954902,1.3483727670064503,1.315405337055711,3.65801781290451,3.6516272329935497,3.684594662944289
620.0,1.3430974354771281,1.3495020000865576,1.3166059181013192,3.6569025645228717,3.6504979999134424,3.6833940818986806
621.0,1.3441011581080862,1.3505166861712419,1.3177300298970467,3.655898841891914,3.649483313828758,3.6822699701029533
622.0,1.3449967608733413,1.3514203491693086,1.318777348513353,3.6550032391266587,3.6485796508306914,3.681222651486647
623.0,1.345787744597937,1.3522169085761389,1.3197481411332752,3.6542122554020633,3.647783091423861,3.6802518588667246
624.0,1.346477906484754,1.352910611931691,1.3206428823814502,3.653522093515246,3.6470893880683093,3.67935711761855
625.0,1.3470673893230571,1.3534959254227434,1.3214615572332626,3.6529326106769426,3.6465040745772566,3.6785384427667376
626.0,1.3475661983047773,1.3539940411173124,1.3222068748554752,3.6524338016952225,3.6460059588826876,3.677793125144525
627.0,1.3479812406857767,1.3544125818255273,1.322882414423396,3.652018759314223,3.6455874181744727,3.677117585576604
628.0,1.3483107569435064,1.3547416955937033,1.3234872338382968,3.6516892430564933,3.6452583044062967,3.676512766161703
629.0,1.3485593371169158,1.354987739274523,1.32402432725919,3.6514406628830844,3.645012260725477,3.67597567274081
630.0,1.3487295387954452,1.355153409985595,1.3244952546111413,3.651270461204555,3.6448465900144047,3.6755047453888587
631.0,1.3488231331154477,1.3552400164277645,1.3249010836569994,3.651176866884552,3.6447599835722357,3.675098916343001
632.0,1.3488413284394318,1.355248096566964,1.325242602348546,3.651158671560568,3.6447519034330362,3.674757397651454
633.0,1.3487851095649186,1.3551780177239738,1.3255204301507542,3.6512148904350816,3.644821982276026,3.674479569849246
634.0,1.3486559224268202,1.355027319696155,1.3257332895211014,3.65134407757318,3.644972680303845,3.6742667104788986
635.0,1.34845434091969,1.3548024318349032,1.3258857473423453,3.65154565908031,3.6451975681650968,3.6741142526576547
636.0,1.3481771472769786,1.354503473347461,1.3259768056696668,3.651822852723021,3.645496526652539,3.674023194330333
637.0,1.347827573921747,1.3541278112842843,1.3260052335735433,3.652172426078253,3.6458721887157157,3.673994766426457
638.0,1.3474061163922537,1.3536763634060627,1.325970688776581,3.6525938836077465,3.6463236365939373,3.674029311223419
639.0,1.3469142212939462,1.353150275178872,1.325873971099886,3.6530857787060538,3.646849724821128,3.674126028900114
640.0,1.3463536544236259,1.3525510236299314,1.3257161104702464,3.653646345576374,3.6474489763700686,3.674283889529754
641.0,1.3457263878752157,1.3518805105571974,1.325498151133373,3.6542736121247845,3.6481194894428026,3.674501848866627
642.0,1.3450347487044685,1.3511413210105063,1.325221389830386,3.6549652512955317,3.6488586789894937,3.6747786101696143
643.0,1.3442800081638149,1.3503362974753743,1.3248865545624346,3.655719991836185,3.6496637025246255,3.6751134454375656
644.0,1.3434660139505712,1.3494696768760759,1.3244962168351462,3.656533986049429,3.650530323123924,3.675503783164854
645.0,1.3425969892458864,1.3485456447060011,1.32405255212262,3.6574030107541136,3.651454355293999,3.67594744787738
646.0,1.341676718105179,1.3475681961219443,1.3235568425258681,3.658323281894821,3.6524318038780557,3.676443157474132
647.0,1.3407068169593874,1.3465420229333398,1.3230123895201495,3.659293183040613,3.65345797706666,3.6769876104798502
648.0,1.3396930384772177,1.3454723327253992,1.3224225472793687,3.6603069615227826,3.6545276672746008,3.677577452720631
649.0,1.338640261800213,1.344364021440195,1.3217904680465464,3.661359738199787,3.655635978559805,3.6782095319534536
650.0,1.3375494705178173,1.3432197877677081,1.3211178124571243,3.6624505294821827,3.6567802122322917,3.6788821875428757
651.0,1.3364265672724707,1.342044198989464,1.3204078905613494,3.6635734327275293,3.657955801010536,3.6795921094386506
652.0,1.335273076589584,1.3408410638188273,1.319663921571466,3.664726923410416,3.6591589361811727,3.680336078428534
653.0,1.3340946206104003,1.3396129381972366,1.3188878958964185,3.6659053793895997,3.6603870618027634,3.6811121041035815
654.0,1.3328925997935255,1.3383635683468642,1.318082708305799,3.6671074002064747,3.661636431653136,3.6819172916942007
655.0,1.3316695706960562,1.3370939820639123,1.3172504983093303,3.6683304293039436,3.6629060179360877,3.6827495016906697
656.0,1.3304299288229364,1.3358067431998046,1.3163934301048612,3.6695700711770636,3.6641932568001954,3.683606569895139
657.0,1.329173715900871,1.3345007481938493,1.3155133561905712,3.670826284099129,3.6654992518061507,3.6844866438094286
658.0,1.3279025531742061,1.333175290259048,1.3146118427818694,3.672097446825794,3.6668247097409523,3.6853881572181306
659.0,1.3266214129857357,1.331843564374162,1.3136917341001109,3.6733785870142643,3.6681564356258383,3.686308265899889
660.0,1.3253341686061777,1.3305113764318421,1.3127558733746398,3.6746658313938223,3.669488623568158,3.68724412662536
661.0,1.3240433893301238,1.3291800161008558,1.3118066095555512,3.6759566106698762,3.670819983899144,3.688193390444449
662.0,1.322750823699081,1.3278499902502976,1.3108458788541482,3.677249176300919,3.6721500097497026,3.689154121145852
663.0,1.3214579618395355,1.3265219411259244,1.3098753769409786,3.6785420381604643,3.6734780588740756,3.6901246230590212
664.0,1.3201659819160294,1.3251965513039323,1.3088965202654361,3.6798340180839704,3.6748034486960677,3.691103479734564
665.0,1.318875955563693,1.3238746714029557,1.307910648577343,3.6811240444363067,3.6761253285970446,3.692089351422657
666.0,1.317588868955128,1.3225570900429473,1.3069190120525087,3.682411131044872,3.677442909957053,3.693080987947491
667.0,1.316305638136269,1.3212445209654695,1.3059227552245958,3.683694361863731,3.6787554790345305,3.6940772447754044
668.0,1.3150271195296854,1.3199375936933107,1.3049229123178152,3.6849728804703146,3.680062406306689,3.6950770876821846
669.0,1.3137540674881716,1.3186368516231088,1.3039204231777852,3.686245932511828,3.6813631483768914,3.696079576822215
670.0,1.3124868051706926,1.3173426002535635,1.3029166880158065,3.6875131948293074,3.6826573997464367,3.6970833119841933
671.0,1.3112265217989503,1.3160555481110598,1.3019120321114033,3.6887734782010497,3.68394445188894,3.698087967888597
672.0,1.3099735778904174,1.3147758950745339,1.3009070379088092,3.6900264221095824,3.6852241049254664,3.699092962091191
673.0,1.308728303409781,1.313503917470952,1.2999023050932919,3.691271696590219,3.686496082529048,3.700097694906708
674.0,1.3074910248307583,1.312239802001743,1.2988983875237552,3.6925089751692415,3.687760197998257,3.701101612476245
675.0,1.3062620232345725,1.3109836933250996,1.2978957965928768,3.6937379767654273,3.6890163066749,3.7021042034071234
676.0,1.305041501132968,1.3097355801339963,1.2968949838022144,3.694958498867032,3.6902644198660037,3.7031050161977856
677.0,1.303829580351337,1.30849536080081,1.2958963374417671,3.696170419648663,3.6915046391991897,3.704103662558233
678.0,1.3026265747863666,1.3072631950803786,1.2949002816437205,3.6973734252136334,3.6927368049196216,3.7050997183562795
679.0,1.3014326516180181,1.306039200142137,1.293907336223666,3.6985673483819816,3.693960799857863,3.7060926637763343
680.0,1.3002478619961464,1.3048238353522679,1.2929176728428577,3.699752138003854,3.695176164647732,3.707082327157142
681.0,1.2990724786818515,1.3036175348369836,1.2919316447843008,3.7009275213181487,3.6963824651630164,3.7080683552156994
682.0,1.29790677723484,1.3024207484337347,1.2909496600512298,3.7020932227651597,3.6975792515662653,3.70905033994877
683.0,1.2967510190392295,1.3012338759643522,1.2899721072348278,3.7032489809607707,3.6987661240356475,3.710027892765172
684.0,1.2956057007567943,1.3000574110483762,1.2889994513157856,3.704394299243206,3.6999425889516235,3.7110005486842144
685.0,1.2944709419732232,1.2988914341629632,1.288031904419084,3.7055290580267766,3.701108565837037,3.7119680955809162
686.0,1.2933469231474846,1.2977362044031142,1.2870702381641108,3.7066530768525157,3.7022637955968856,3.7129297618358894
687.0,1.2922336304405813,1.29659184762546,1.2861144801605373,3.707766369559419,3.70340815237454,3.7138855198394625
688.0,1.291131168451155,1.2954583925197838,1.285164836191488,3.7088688315488447,3.704541607480216,3.714835163808512
689.0,1.2900398913873292,1.2943360693378099,1.2842215895835243,3.7099601086126706,3.7056639306621904,3.7157784104164757
690.0,1.288959696305202,1.293224714544331,1.28328477876358,3.711040303694798,3.7067752854556693,3.71671522123642
691.0,1.28789048332261,1.2921242956813983,1.282354603737972,3.71210951667739,3.7078757043186017,3.7176453962620277
692.0,1.2868323560457327,1.291034924552978,1.2814317325716877,3.713167643954267,3.708965075447022,3.7185682674283123
693.0,1.2857851158743445,1.2899565117579097,1.280515897809386,3.7142148841256555,3.71004348824209,3.7194841021906138
694.0,1.2847491222210863,1.2888891569245755,1.27960725681237,3.7152508777789137,3.7111108430754243,3.72039274318763
695.0,1.283724153987702,1.287832649934155,1.278705739455425,3.716275846012298,3.7121673500658448,3.7212942605445747
696.0,1.2827100769836546,1.2867869017069378,1.2778114640406737,3.717289923016345,3.7132130982930622,3.7221885359593263
697.0,1.2817069467647126,1.285751996576192,1.2769250504369127,3.7182930532352874,3.714248003423808,3.7230749495630873
698.0,1.280714553549162,1.2847278201177124,1.2760461670453518,3.7192854464508383,3.7152721798822874,3.723953832954648
699.0,1.2797332698722925,1.2837144395580264,1.2751748565993108,3.7202667301277073,3.716285560441974,3.724825143400689
700.0,1.278762599547167,1.2827112664571252,1.2743106783579736,3.721237400452833,3.717288733542875,3.7256893216420264
701.0,1.2778026201684203,1.281718690085242,1.2734541304508964,3.72219737983158,3.718281309914758,3.7265458695491036
702.0,1.2768532969825679,1.2807367178241884,1.2726059614045386,3.723146703017432,3.7192632821758114,3.7273940385954614
703.0,1.2759149309715885,1.2797653172708026,1.2717654998401453,3.7240850690284115,3.720234682729197,3.7282345001598545
704.0,1.274987063413891,1.2788042931179004,1.270932652444529,3.725012936586109,3.7211957068820993,3.729067347555471
705.0,1.2740695570211709,1.277853510852299,1.2701074179873337,3.725930442978829,3.722146489147701,3.729892582012666
706.0,1.2731624346688466,1.2769130746411952,1.2692908051483234,3.726837565331153,3.723086925358805,3.7307091948516766
707.0,1.272266148208133,1.275982975022891,1.2684819119487911,3.727733851791867,3.724017024977109,3.731518088051209
708.0,1.2713801027692613,1.2750630219481183,1.2676806552911557,3.7286198972307387,3.7249369780518817,3.732319344708844
709.0,1.270504142193916,1.274153075790673,1.266887008202657,3.729495857806084,3.725846924209327,3.733112991797343
710.0,1.2696390230030838,1.2732534391369377,1.2661022822106884,3.7303609769969164,3.726746560863062,3.7338977177893113
711.0,1.268783850099999,1.2723637924234317,1.26532510263635,3.7312161499000007,3.7276362075765683,3.73467489736365
712.0,1.2679384581966704,1.2714839212259617,1.2645554577177822,3.7320615418033296,3.7285160787740383,3.7354445422822176
713.0,1.2671026980022906,1.2706136779044366,1.2637932803881995,3.7328973019977094,3.7293863220955634,3.7362067196118005
714.0,1.2662775125428174,1.2697533951036872,1.2630401881765654,3.7337224874571824,3.7302466048963128,3.736959811823435
715.0,1.2654618071900847,1.2689026311308502,1.2622944372484823,3.7345381928099153,3.7310973688691496,3.7377055627515174
716.0,1.2646553916517296,1.2680610736775115,1.261555951147132,3.7353446083482704,3.7319389263224885,3.738444048852868
717.0,1.2638593345388127,1.2672290040951566,1.2608266597403084,3.7361406654611873,3.7327709959048434,3.7391733402596916
718.0,1.2630722204748461,1.266405805378572,1.2601043204720979,3.736927779525154,3.733594194621428,3.739895679527902
719.0,1.2622938998295414,1.265591286786241,1.2593888445116987,3.737706100170459,3.734408713213759,3.7406111554883013
720.0,1.261525793524056,1.2647861470091237,1.2586827545759705,3.738474206475944,3.735213852990876,3.7413172454240295
